{
	"Gameplay:" : { "type" : "label" },
	
	"earlate_position": {
		"type": "selection",
		"label": "Early/Late display position",
		"default": "bottom",
		"values": ["bottom", "middle", "top", "off"]
	},
	"nick": {
		"type" : "text",
		"label" : "Display name",
		"default" : "Guest"
	},
	"Appeal Card" : { "type" : "label" },
	
	"appealcard" : {
		"type": "int",
		"label": "Select appeal card",
		"default": 1,
		"max": 1207,
		"min": 0
	},
	"skill_level" : {
		"type": "int",
		"label": "Select a Dan",
		"default": 0,
		"max": 12,
		"min": 0
	},
	"show_score_difference": {
        "type": "bool", 
        "label": "Show Score Difference", 
        "default": false
	},
	"show_player": {
        "type": "bool", 
        "label": "Show Player Info", 
        "default": true
	},
	"separator_a" : {},
	"Song select:" : { "type" : "label" },
	"show_guide": {
		"label" : "Show control guide on song select",
		"type": "bool",
		"default": true
	},
	"separator_b" : {},
	"Titlescreen Settings:" : { "type" : "label" },
	"Menu_color" : {
		"type": "color",
		"label": "Menu Color",
		"default": "007FFFFF"
	},
	"Menu_stroke_color" : {
		"type": "color",
		"label": "Menu Stroke Color",
		"default": "007FFFFF"
	}
}