{
    "User Status:" : { "type" : "label" },
	
	"nick": {
		"type" : "text",
		"label" : "Display name",
		"default" : "GUEST"
	},
	
	"Appeal Card" : { "type" : "label" },
	
	"appealcard" : {
		"type": "int",
		"label": "Select appeal card (0 - 40)",
		"default": 0,
		"max": 40,
		"min": 0
	},
	
	"Crew" : { "type" : "label" },
	
	"crew" : {
		"type": "int",
		"label": "Select Crew (0 - 2)",
		"default": 0,
		"max": 2,
		"min": 0
	},
	
	"separator_a" : {},

	"Gameplay:" : { "type" : "label" },
	
	"earlate_position": {
		"type": "selection",
		"label": "Early/Late display position",
		"default": "bottom",
		"values": ["bottom", "middle", "top", "off"]
	},
	
	"bestdiff_position": {
		"type": "selection",
		"label": "Best diff display position",
		"default": "top",
		"values": ["bottom", "top", "off"]
	},
	
	"Key Hit Sound effect" : { "type" : "label" },
	"button_sound": {
		"label" : "On/Off",
		"type": "bool",
		"default": false
	}
	
	}