{
	"////////// GENERAL //////////": {
		"type": "label"
	},
	"displayName": {
		"type": "text",
		"label": "Player Name",
		"default": "Guest"
	},
	"separator_dvj": {},
	"nauticaPath": {
		"type": "text",
		"label": "Nautica Download Folder i.e. /songs/nautica (no slashes)",
		"default": "nautica"
	},
	"separator_b": {},
	"////////// SONG SELECT //////////": {
		"type": "label"
	},
	"jacketQuality": {
		"label": "Jacket Image Quality (lower = faster loading)",
		"type": "selection",
		"default": "NORMAL",
		"values": [
			"LOW",
			"NORMAL",
			"HIGH",
			"ORIGINAL"
		]
	},
	"separator_ejn": {},
	"showDensity": {
		"label": "Show note density graph if available",
		"default": true,
		"type": "bool"
	},
	"separator_c": {},
	"////////// GAMEPLAY //////////": {
		"type": "label"
	},
	"showEarlate": {
		"label": "Show Early / Late Display",
		"type": "bool",
		"default": true
	},
	"earlateType": {
		"type": "selection",
		"label": "Early / Late Display Type",
		"default": "TEXT",
		"values": [
			"DELTA",
			"TEXT",
			"TEXT + DELTA"
		]
	},
	"earlateX": {
		"type": "float",
		"label": "Early / Late X-Position (%.2f)",
		"default": 0.5,
		"min": 0.0,
		"max": 1.0
	},
	"earlateY": {
		"type": "float",
		"label": "Early / Late Y-Position (%.2f)",
		"default": 0.75,
		"min": 0.0,
		"max": 1.0
	},
	"earlateGap": {
		"type": "float",
		"label": "Early / Late Text/Delta Gap (%.2f)",
		"default": 0.4,
		"min": 0.25,
		"max": 1.0
	},
	"deltaFrom0": {
		"label": "Show hit delta from 0 (instead of hit delta from critical window)",
		"default": true,
		"type": "bool"
	},
	"separator_mdu": {},
	"showHispeed": {
		"label": "Show Hi-Speed Display",
		"type": "bool",
		"default": true
	},
	"hispeedX": {
		"type": "float",
		"label": "Hi-Speed X-Position (%.2f)",
		"default": 0.5,
		"min": 0.0,
		"max": 1.0
	},
	"hispeedY": {
		"type": "float",
		"label": "Hi-Speed Y-Position (%.2f)",
		"default": 0.5,
		"min": 0.0,
		"max": 1.0
	},
	"ignoreSpeedChange": {
		"default": false,
		"type": "bool",
		"label": "Ignore incoming Hi-Speed changes"
	},
	"separator_iuw": {},
	"showHitDeltaBar": {
		"default": false,
		"label": "Show hit delta bar",
		"type": "bool"
	},
	"hitDeltaBarScale": {
		"type": "float",
		"label": "Hit Delta Bar Scale: %.2f",
		"default": 1.0,
		"max": 2.0,
		"min": 0.5
	},
	"hitDecayTime": {
		"type": "float",
		"label": "Hit bar decay time (in seconds): %.2f",
		"default": 6.0,
		"max": 10.0,
		"min": 2.0
	},
	"separator_wei": {},
	"showScoreDiff": {
		"label": "Show Score Difference",
		"type": "bool",
		"default": true
	},
	"scoreDiffX": {
		"type": "float",
		"label": "Score Difference X-Position (%.2f)",
		"default": 0.05,
		"min": 0.0,
		"max": 1.0
	},
	"scoreDiffY": {
		"type": "float",
		"label": "Score Difference Y-Position (%.2f)",
		"default": 0.50,
		"min": 0.0,
		"max": 1.0
	},
	"separator_dofn": {},
	"showPracticeControls": {
		"label": "Show Controls for Practice Mode",
		"type": "bool",
		"default": true
	},
	"showPracticeSetup": {
		"label": "Show Setup Instructions for Practice Mode",
		"type": "bool",
		"default": true
	},
	"separator_d": {},
	"////////// RESULTS //////////": {
		"type": "label"
	},
	"showHardScores": {
		"label": "Only show High Scores with harder hit windows",
		"type": "bool",
		"default": false
	},
	"separator_kqm": {},
	"showBestDeltas": {
		"label": "Show best critical/near/error count indicators",
		"default": true,
		"type": "bool"
	},
	"separator_shj": {},
	"suggestOffset": {
		"label": "Show song offset recommendation",
		"default": true,
		"type": "bool"
	},
	"minOffset": {
		"label": "Minimum offset required to show recommendation",
		"default": 3,
		"min": 1,
		"max": 50,
		"type": "int"
	},
	"separator_ivy": {},
	"dateFormat": {
		"type": "selection",
		"label": "Date Format",
		"default": "DAY-MONTH-YEAR",
		"values": [
			"DAY-MONTH-YEAR",
			"MONTH-DAY-YEAR",
			"YEAR-MONTH-DAY"
		]
	},
	"separator_owf": {},
	"screenshotRegion": {
		"type": "selection",
		"label": "Screenshot Capture Region",
		"default": "PANEL",
		"values": [
			"FULLSCREEN",
			"PANEL"
		]
	},
	"separator_e": {},
	"////////// MULTIPLAYER //////////": {
		"type": "label"
	},
	"toggleHard": {
		"label": "Toggle Hard Gauge when [FX-L] is pressed",
		"type": "bool",
		"default": true
	},
	"toggleMirror": {
		"label": "Toggle Mirror Mode when [FX-R] is pressed",
		"type": "bool",
		"default": true
	}
}